{
    "Raw Data": 0.7484848484848485,
    "RP": 0.6787878787878788,
    "PCA": 0.6878787878787879,
    "ICA": 0.6924242424242424
}