{
    "Raw Data": 0.8181818181818182,
    "RP": 0.6363636363636364,
    "PCA": 0.7803030303030303,
    "ICA": 0.8181818181818182
}