{
    "Raw Data": 0.6666666666666666,
    "RP": 0.6666666666666666,
    "PCA": 0.8318181818181818,
    "ICA": 0.6712121212121213
}