{
    "n_components": 10,
    "knn_accuracy": 0.12,
    "avg_mutual_info": 0.05948356434809615,
    "avg_abs_kurtosis": 1.037321163441666,
    "component_kurtosis": [
        -1.211735835313365,
        -1.1372366493218524,
        -0.31370483761020784,
        -0.6598466720996168,
        -1.3377947434236381,
        -1.1366323891005878,
        -0.7524608883700954,
        -1.473809637291314,
        -1.3094920197843132,
        -1.0404979621016686
    ]
}